RegistrationStatusID,StatusName
1,Hammett Rush
2,Jorden Estes
3,Vladimir Hurley
4,Tallulah Boyd
5,Judith Joyner
6,Molly Winters
7,Uriel Carpenter
8,Isaiah Tillman
9,Lester Lewis
10,Caleb Morales
11,Duncan Kirby
12,Nathan Guthrie
13,Fatima Allen
14,Brent Phelps
15,Matthew Martinez
16,Ariana Harmon
17,Hyatt Fox
18,Winter Haney
19,Charles Fernandez
20,Paloma Stone
21,Shad Ward
22,Theodore Mcdonald
23,Ivor Cervantes
24,Cheyenne Velasquez
25,Jermaine Ortega
26,Iona Woods
27,Phyllis Goodwin
28,William Beard
29,Fallon Baird
30,Camden West
31,Rhonda Stark
32,Blaze Stevens
33,Shay Hughes
34,Nadine Downs
35,Hayden Robinson
36,Dale Morton
37,Cairo Hays
38,Quinn Hyde
39,Rudyard Copeland
40,Kareem Perez
41,Brock Farley
42,Quinn Horton
43,Clayton Kim
44,Patience English
45,Illiana Lyons
46,Merrill Greene
47,Edan Britt
48,Wang Doyle
49,Sacha Raymond
50,Anika Farley
51,Hammett Duke
52,Yael Horton
53,Alika Mills
54,Melyssa Ross
55,Macy Barnett
56,Bertha Pace
57,Lucy Andrews
58,Burke Hendricks
59,Camden Pena
60,Lani O'Neill
61,Tanek Lindsey
62,Keith Medina
63,Jerome Sparks
64,Jonas Johns
65,Salvador Salas
66,Carla Booker
67,Tobias Austin
68,Moana Wade
69,Curran Moss
70,Aline Salinas
71,Abel Berger
72,Karleigh Reese
73,Hayes Norton
74,Brennan Holder
75,Edward Mcgee
76,Calista Mcmillan
77,Chadwick Bush
78,Galvin Brooks
79,Allistair Mcpherson
80,Brian Mullins
81,Lani Roy
82,Xena Savage
83,Emi Baldwin
84,Uriel Head
85,Hamilton Clayton
86,Emerson Frederick
87,Amela Tyson
88,Ann Acosta
89,Francis Wilkinson
90,Guinevere Matthews
91,Brenna Hoover
92,Eric Watkins
93,Prescott Mcdaniel
94,Brock Chaney
95,Adrienne Foster
96,Leroy Edwards
97,Harding Pennington
98,Lane Barrera
99,Amery Blankenship
100,Velma Torres
101,Daquan Mcclure
102,Nigel Wilkinson
103,Nathaniel O'connor
104,Hakeem Hood
105,Grant Hodges
106,Sylvester Cunningham
107,Cleo Schneider
108,Jasper Hoffman
109,Brendan Gilliam
110,Cleo Gibson
111,Keelie Rollins
112,Stuart Clemons
113,Rhona Lancaster
114,Heidi Reynolds
115,James Hines
116,Octavia Trevino
117,Valentine Shields
118,Madeline Mcclure
119,Dieter Velez
120,Ina Hernandez
121,Zeus Golden
122,Blaze Frye
123,Quintessa Ayala
124,Madonna Figueroa
125,Raymond Clarke
126,Paul Bradshaw
127,Vanna Barber
128,Asher Kerr
129,Ruby Potts
130,Hu Holder
131,Karly Holt
132,Price Cummings
133,Bernard Durham
134,Sierra Franklin
135,Paloma Cote
136,Ariel Mcguire
137,Lev Orr
138,Henry Joyner
139,Raja Sexton
140,Robin Glass
141,Ruth Kline
142,Juliet Mckee
143,Kylan Payne
144,Ezra Little
145,Felix Delacruz
146,Thane Valenzuela
147,Charles Barrett
148,Ashton Mckenzie
149,Quinn Gamble
150,Cara Banks
151,Fatima Cabrera
152,Zoe Cleveland
153,Deborah Meadows
154,Deirdre Mcintosh
155,Madeline Gentry
156,Walker Craft
157,Gay Edwards
158,Kelsie Fowler
159,Veronica Roth
160,Dieter Delaney
161,Mannix Moreno
162,Blossom Wilcox
163,Palmer Contreras
164,Julian Marshall
165,Skyler Gray
166,Oliver Key
167,Quinlan O'connor
168,Oren Good
169,Rogan Barker
170,Reed Hodges
171,Rhiannon Becker
172,Jerry Myers
173,Inga Franco
174,Kenneth Larsen
175,Octavius Huber
176,Diana Barrera
177,Tatum Santana
178,Ralph Norton
179,Kermit Garrison
180,Carol Sharpe
181,Kyle Meyer
182,Cheyenne Hoover
183,August Church
184,Echo Perkins
185,Orlando Nguyen
186,Herman Burns
187,Arthur Allen
188,Cade Wooten
189,Lacota George
190,Gage Castro
191,Marshall Richmond
192,Jared Hunter
193,Jerry Hendricks
194,Quynn Bruce
195,Mona Riddle
196,Yolanda Vincent
197,Linus Nelson
198,Winter Bradford
199,Mufutau Henderson
200,Orlando Newman
201,Xander Norman
202,Kim Ross
203,Sawyer Freeman
204,Owen Bailey
205,Adrian Rosales
206,Mark Woodward
207,Reese Fry
208,Lyle James
209,Neville Green
210,Serena Bell
211,Brynne Cervantes
212,Ulric Wise
213,Wyatt Burks
214,Noelle Castillo
215,Buffy Wyatt
216,Amaya Walsh
217,John Garner
218,Nerea Franco
219,Adrienne Mayo
220,Ila Carpenter
221,Anthony Gillespie
222,Philip Douglas
223,Katell Clements
224,Stuart Hart
225,Ifeoma Lang
226,Ian Potts
227,Leigh Daugherty
228,Jakeem Cote
229,Yoshi Duncan
230,Bevis Horne
231,Karly Pennington
232,Ifeoma Castaneda
233,August Richards
234,Rashad Frederick
235,Garrison Barnett
236,Justine Anderson
237,Denton Curtis
238,Latifah Serrano
239,Basil Hewitt
240,Chester Spence
241,Jade Wilder
242,Maile Hartman
243,Jaime Mccarthy
244,Jeanette Todd
245,Amethyst Fry
246,Kirestin Wilcox
247,Ramona Parsons
248,Brent Trujillo
249,Lee Kelley
250,Clementine Sexton
251,Zachary Hoffman
252,Montana Peterson
253,Michael Yang
254,Josiah Green
255,Raya Ford
256,Marsden Barr
257,Bryar Frederick
258,Marshall Suarez
259,Hilary Jenkins
260,Jin Small
261,Idona Adkins
262,Ivor Calhoun
263,Timon Wolf
264,Lacota Moody
265,Anika Valdez
266,Kiayada Anderson
267,Mechelle Stanley
268,Pandora Adkins
269,Irma Curry
270,Samuel Christensen
271,Philip Bentley
272,Melinda Kelley
273,Ross Shelton
274,Maile Carrillo
275,Ila Beard
276,Marvin Rollins
277,Oscar Griffith
278,Sasha Horton
279,Owen Coleman
280,Erica Ashley
281,Jonas Guzman
282,Camilla Barnett
283,Adria Whitfield
284,Amal Richmond
285,Cathleen Lambert
286,Hanna Russell
287,Whitney Dickson
288,Iola Shields
289,Abbot Cohen
290,Holmes Charles
291,Rina Bird
292,September Hatfield
293,Honorato French
294,Nomlanga Gonzalez
295,Yoshio Hansen
296,Petra Barnes
297,Preston Lara
298,Derek Frank
299,Zahir Terrell
300,Harriet Meyer
301,Karleigh Webb
302,Bell Osborne
303,Burke Ayala
304,Chiquita Morton
305,Norman Todd
306,Naomi Bullock
307,Ira Dillard
308,Jolie Fletcher
309,Dennis Pittman
310,Brianna Leon
311,Yael Rosales
312,Mara Hendrix
313,Hadassah Rhodes
314,Judah Hale
315,Colby Ferguson
316,Scott Conley
317,Stephen Wall
318,Lael Mcclure
319,Zephania Donovan
320,Mannix Hunter
321,Sierra Gill
322,Lareina Haley
323,Zeus Montgomery
324,Madeline Sellers
325,Cecilia Horton
326,Oprah Suarez
327,Katell Hancock
328,Abbot Osborn
329,Timon Kent
330,Keith Hawkins
331,Dante Silva
332,Magee Matthews
333,Neve Jacobs
334,Chloe Jimenez
335,Quin Michael
336,Lee Herrera
337,Vielka Mccarty
338,Jade Nichols
339,Thor Vincent
340,Clio Chapman
341,Paul Bowers
342,Caleb Molina
343,Imogene Bishop
344,Paloma Barton
345,Austin Holden
346,Haviva Snider
347,Jena Johnston
348,Hu Zimmerman
349,Bevis Lewis
350,Rowan Horn
351,Malik Pope
352,Bertha Ramsey
353,Leonard Buckley
354,Abraham Powers
355,Hope Beach
356,Miranda Mooney
357,Nathaniel Blevins
358,Zahir Joyner
359,Jane Wilkins
360,Prescott Chase
361,Quamar Cooley
362,Brendan Phelps
363,Raja Sherman
364,Yvette Bush
365,Whoopi Cannon
366,Macy Haney
367,Shaine Alvarado
368,Hammett Randolph
369,Dacey Simpson
370,Jaden Kerr
371,Faith Lopez
372,Aspen Carson
373,Chastity Montgomery
374,Burke Ferguson
375,Beck Palmer
376,Rosalyn Eaton
377,Jillian Maxwell
378,Keefe Wynn
379,Salvador Rodgers
380,Nerea Lyons
381,Britanney Suarez
382,Whilemina Foster
383,Cailin Mendoza
384,Hector Winters
385,Reuben Page
386,Tate Fox
387,Iliana Stephens
388,Amity Mcpherson
389,Lewis Suarez
390,Alyssa Spence
391,Keefe Mcfarland
392,Hector Luna
393,Wylie Solomon
394,Quemby Christensen
395,Abbot Camacho
396,Eric Hudson
397,Ciaran Frederick
398,Zoe Keith
399,Seth Mann
400,Jena Jarvis
401,Zena Crawford
402,Barrett Hooper
403,Harding Dale
404,Melissa Singleton
405,Kibo Morris
406,Craig House
407,Leonard Juarez
408,Avye Burt
409,Victoria Ford
410,Ishmael Mayer
411,Jerry Fletcher
412,Darryl Abbott
413,Harding Hicks
414,Orli Ruiz
415,Knox James
416,Solomon Frank
417,Gray Riley
418,Eagan Blackburn
419,Cullen Downs
420,Denise Jacobson
421,Kirk Wilder
422,Jonah Horne
423,Ivory Hutchinson
424,Shana Jimenez
425,Keegan Parker
426,Cullen Ramos
427,Dahlia Hogan
428,Uma Dickson
429,Abbot Herman
430,Jolene Tyler
431,Eve Taylor
432,Ursa Calderon
433,Wendy Trujillo
434,Louis Herrera
435,Iris Wiggins
436,Minerva Fleming
437,Timothy Oneil
438,Driscoll Koch
439,Charde Strong
440,Gail Woods
441,Kiara Burgess
442,Christopher Pope
443,Iona Ferrell
444,Irma Ashley
445,Renee Boyer
446,Louis Guy
447,Xavier Maddox
448,Beverly Talley
449,Wesley Newman
450,Deborah Clarke
451,Flynn Mayer
452,Pamela Wooten
453,Fletcher Simon
454,Lee Mcgowan
455,Fletcher Finch
456,Amy Clarke
457,Colette Bray
458,Eleanor Donovan
459,Aretha Fuller
460,Allegra Pierce
461,Rae Lindsey
462,Steel Bonner
463,Rae Hurst
464,Kyla Shaw
465,Stone Mendez
466,Barrett Whitaker
467,Cadman Townsend
468,Richard Gill
469,Yen Mckee
470,Aurora Arnold
471,Jared Velez
472,Leandra Higgins
473,Nina Estrada
474,Kareem Parsons
475,Zachary Gilliam
476,Priscilla Cobb
477,Jackson Scott
478,Bruno Duffy
479,Kristen Hernandez
480,Serina House
481,Alisa Wong
482,Trevor Barnett
483,Mannix Diaz
484,Rinah Harmon
485,Colby Mcintyre
486,Troy Melton
487,Danielle Beard
488,Mira Hodge
489,Mari Medina
490,Barry Cantrell
491,Indira Shields
492,Natalie Crawford
493,Emmanuel Harding
494,Yasir Mayo
495,Acton Soto
496,Francis Monroe
497,Christopher Munoz
498,Caleb Guerrero
499,Keegan Norman
500,Teagan Walters
