DifficultyID,DifficultyName
1,Rachel Mcgowan
2,Kelsie Kim
3,Jena Finch
4,Bert Shaffer
5,Bruno Rhodes
6,Alvin Vincent
7,Brody Waters
8,Nicholas Mccarty
9,Rajah Whitehead
10,Yasir Allison
11,Irma Coleman
12,Abra Glenn
13,Plato Cameron
14,Fletcher Campos
15,Molly Lyons
16,Nola Trevino
17,Dacey Farrell
18,Cheryl Lang
19,Yetta Casey
20,Russell Bond
21,Harper Horton
22,Odessa Madden
23,Donovan Greene
24,Gavin Mooney
25,Hunter Molina
26,Venus Ross
27,Dara Day
28,Ifeoma Flynn
29,Miranda Anthony
30,Yoshio Gallagher
31,Caesar Goodwin
32,Elaine Le
33,Wendy Powell
34,Brynn Marsh
35,Ralph Pierce
36,Jane Douglas
37,Elaine Brady
38,Ingrid Spencer
39,Patrick Norton
40,Mariam Talley
41,Maxwell Bush
42,Miriam Gonzalez
43,Caryn Pruitt
44,Kenyon Farley
45,Lara Middleton
46,Alden Graham
47,Juliet Aguilar
48,Breanna Key
49,Cooper Pollard
50,Laura Clemons
51,Stella Nolan
52,Tashya Reid
53,Priscilla Robles
54,Ahmed Howard
55,Gay Jenkins
56,Holly Frazier
57,Chester Ware
58,Ella Kinney
59,Debra Hendricks
60,Michelle Callahan
61,Neve Deleon
62,Jonas Sparks
63,Natalie Kent
64,Alexis Ware
65,Jayme Bryan
66,Kitra Daniels
67,Hadley Booth
68,Nadine Molina
69,Azalia Levine
70,Jada Patel
71,Flynn Horne
72,Alisa Ewing
73,Todd O'brien
74,Mara Bowers
75,Dora Elliott
76,Kimberly Duffy
77,Levi Gates
78,Lawrence Burgess
79,Natalie Woodard
80,Jackson Albert
81,Quinlan Burgess
82,Brielle Valenzuela
83,Addison Kennedy
84,Francis Harrell
85,Ignatius Maxwell
86,Brenden Ferrell
87,Zachery Riddle
88,Emery Steele
89,Freya Cantrell
90,Haviva Rutledge
91,Dean Malone
92,Elaine Raymond
93,Kalia Conley
94,Barrett Sears
95,Kasper Collins
96,Marny Weiss
97,Roth Carson
98,Zia Levy
99,Richard Bolton
100,Wylie Nelson
101,Damon Nieves
102,Honorato Faulkner
103,Preston Osborne
104,Tamekah Larsen
105,Kaseem Zimmerman
106,Inez Delaney
107,Chancellor Ratliff
108,Clark Rosales
109,Malachi Rios
110,Olga Langley
111,Brennan Moss
112,Eric Compton
113,Jillian Beck
114,Theodore Sandoval
115,Barclay Ratliff
116,Dara Bullock
117,Oliver Gibbs
118,Ciara Bartlett
119,Ignatius Barlow
120,Mikayla Townsend
121,Brody Fuentes
122,Sylvester Newman
123,Oren Cantrell
124,Alec Norris
125,Griffith Stark
126,Jasper Ayers
127,Fitzgerald Alford
128,Maxine Whitaker
129,Alfonso Hayden
130,Whoopi Cline
131,Kirestin Long
132,Bethany Witt
133,Caesar Phelps
134,Ira Cooper
135,Knox Decker
136,Gloria Pratt
137,Upton Levine
138,Cassady Buck
139,Trevor Rivas
140,Juliet Burks
141,Arden Conner
142,Lesley Robbins
143,Wallace Briggs
144,Jessamine Russo
145,Emi Hansen
146,Alexa Kent
147,Kato Dawson
148,Theodore Preston
149,Brianna Burris
150,Alika George
151,Sandra Carpenter
152,Xenos Welch
153,Hanna Harris
154,Haviva Houston
155,Dustin Norris
156,Ivor Villarreal
157,Lawrence Wells
158,Tara Whitney
159,Kieran Sellers
160,Charles Copeland
161,Noel Padilla
162,Simone Riley
163,Rina Klein
164,Graiden Murray
165,Anjolie Fitzpatrick
166,Amal Durham
167,Xantha Ross
168,Cheyenne Miles
169,Valentine Booker
170,Kay Mckay
171,Katell Bond
172,Ignacia Warren
173,Garrison Kirkland
174,Michael Clayton
175,Penelope Stevens
176,Desiree Holmes
177,Neve Whitley
178,Iris Levy
179,Chloe Gregory
180,Sage Mcleod
181,Randall Stokes
182,David Hines
183,Maris Pierce
184,Fritz Mcbride
185,Lee Mccray
186,Astra Neal
187,Alfreda Clarke
188,Nigel Reyes
189,Jakeem Hansen
190,Melvin Anthony
191,Marshall Sosa
192,Helen Bass
193,Juliet Swanson
194,Sierra Lamb
195,Justina Fletcher
196,Madonna Sullivan
197,Lareina Schneider
198,Audrey Thornton
199,Lester Good
200,Whilemina Riggs
201,Todd Moreno
202,Marah Solis
203,Mechelle Cohen
204,Jarrod Barber
205,Charissa Dodson
206,Tamekah Mercado
207,Addison Dillard
208,Jenna Bullock
209,Craig Dalton
210,Cadman Herring
211,William Irwin
212,Rudyard Cain
213,Kelsie Mcbride
214,Talon Lopez
215,Conan Hubbard
216,Julie Henry
217,Maryam Richardson
218,Victoria Bailey
219,Lucy Mack
220,Quynn Britt
221,Ashton Maddox
222,Cyrus Diaz
223,Fallon English
224,Kelsie Bradley
225,Kyla Tate
226,Carissa Petersen
227,Whoopi Hanson
228,Hadley Guerra
229,Carol Parrish
230,Graiden Sexton
231,Rinah Durham
232,Stephen Thomas
233,Boris Monroe
234,Phyllis Mcclure
235,Anthony Holden
236,Keegan Lott
237,Jennifer Chambers
238,Xanthus Hutchinson
239,Hedley Benton
240,Tatum Benton
241,Denton Wall
242,Chase Silva
243,Ira Tanner
244,Miranda Lamb
245,Constance Orr
246,Basia Chaney
247,Shelley Collier
248,Chester Stuart
249,Yvette Randolph
250,Shad Pollard
251,Judith Levy
252,Channing Chambers
253,Jasmine Giles
254,Iris Atkins
255,Anthony Bruce
256,Kirk Merrill
257,Oren Contreras
258,Cadman Edwards
259,Jade Orr
260,Garrison King
261,Xandra York
262,Jade Baker
263,Kyle Hudson
264,Idola Olsen
265,Keane Hull
266,Serina Cleveland
267,Wynne Schneider
268,Cameron Finley
269,Adria Lewis
270,Slade Holloway
271,Acton Frazier
272,Olympia Banks
273,Thomas Stout
274,Ryder Simpson
275,Xyla Barrera
276,Lynn Holden
277,Steel Mathis
278,Jameson Richard
279,Rashad Glenn
280,Alana Cooley
281,Damian Vang
282,Jonas Farmer
283,Ali Mccall
284,Brent Sweeney
285,Walker Cantrell
286,Maisie Schwartz
287,Linus Burnett
288,Kasper Mccall
289,Tatiana Coleman
290,Kimberley Fuller
291,Wade Schneider
292,Meredith Rose
293,Lois Crawford
294,Francesca Maynard
295,Zachary Gamble
296,Wallace Valentine
297,Xantha Hester
298,Allen Gross
299,Elijah Hernandez
300,Dustin Harrington
301,Lillian Powell
302,Hilel Schmidt
303,Drake Carr
304,Fleur Porter
305,Keaton Sandoval
306,Amela Morrison
307,Ora Henderson
308,Danielle Kidd
309,Brenden Sweeney
310,Gretchen Cannon
311,Ralph Sherman
312,Destiny Santiago
313,Matthew Olsen
314,Leila Mayer
315,Zachery Hernandez
316,Chaim Holt
317,Amity Owen
318,Raymond Hayden
319,Abel Francis
320,Eaton Frederick
321,Clarke Mason
322,Clark Solomon
323,Ulric Brewer
324,Colton Herrera
325,Keane Fernandez
326,Shelby Bridges
327,Julie Patel
328,Troy Moran
329,Abdul Mcclain
330,Aristotle Stafford
331,Keefe Espinoza
332,Oscar Cardenas
333,Gregory Alvarez
334,Hillary Brock
335,Harper Mathis
336,Maxine Travis
337,Talon Carney
338,Rina Booker
339,Stuart Clay
340,Nerea Odom
341,Myra Gilliam
342,Nyssa Reed
343,Larissa Jefferson
344,Basia Noel
345,Cameron Bartlett
346,Yoshio Douglas
347,Hammett Howard
348,Alfreda Rogers
349,Ezra Bishop
350,Patricia Little
351,Byron Henderson
352,Colby Byers
353,Mollie Christian
354,Calvin Swanson
355,Roth Anderson
356,Courtney Giles
357,Brady Bradford
358,Nissim Maxwell
359,Yolanda Case
360,Nigel Meadows
361,Zephr Drake
362,Natalie Moreno
363,Oren Guzman
364,Quail Randolph
365,Ethan Randolph
366,Oren Doyle
367,Omar Reed
368,Denton Palmer
369,Alexa Watts
370,Tamekah Lee
371,Brenna Martinez
372,Lael Lane
373,Cheryl Lane
374,Len Moon
375,Leo Pickett
376,Halee Sherman
377,Maris Snow
378,Bethany Pollard
379,Clio Cote
380,Katell George
381,Neville Stevenson
382,Flynn Mayer
383,Orli Noel
384,Harding Stone
385,Jeremy Blevins
386,Stuart Warner
387,Sasha Fernandez
388,Lance Monroe
389,Jasmine Simpson
390,Giacomo Walker
391,Dawn Richard
392,Ella Small
393,Kylan Leonard
394,Zorita Padilla
395,Caryn Rowe
396,Hadley Mcdaniel
397,Cairo Massey
398,Daryl Thompson
399,Barbara Dudley
400,Shannon Waters
401,Plato Freeman
402,Alvin Emerson
403,Miranda Mccullough
404,Daria Ellis
405,Kirsten Odom
406,Bethany Whitfield
407,Virginia Buckley
408,Cassidy Wilcox
409,Callum Bass
410,Kalia Hinton
411,Claudia Acevedo
412,Laith Workman
413,Hoyt Ferguson
414,Clementine Cox
415,Liberty Livingston
416,Azalia Black
417,MacKensie Ortiz
418,Josiah Kirk
419,Rosalyn Holt
420,Odette Conway
421,Lydia Giles
422,Rashad Clarke
423,Jamal Chaney
424,Quentin Hartman
425,Malcolm Norman
426,Kermit Villarreal
427,Neville Carney
428,Lana Valenzuela
429,Myles Vinson
430,Alfreda Odom
431,Wynne Parker
432,Henry Beck
433,Caleb Adams
434,Addison Jackson
435,Deanna Dodson
436,Deanna Leonard
437,Stephen Harvey
438,Damian Barry
439,Kasimir Baxter
440,Chantale Osborne
441,Dale Ray
442,Veda Curtis
443,Rosalyn Wade
444,Seth Jenkins
445,Nathaniel Booth
446,Anthony Nolan
447,Rashad Orr
448,Aiko Wilder
449,India Gross
450,Craig Tillman
451,Rajah Anthony
452,Kirby Robbins
453,Gay Zimmerman
454,Hilel Page
455,Otto Rosa
456,Elvis Chen
457,Celeste Gallagher
458,Hermione O'Neill
459,Cadman Mcintyre
460,Kylee Brock
461,Raphael Rasmussen
462,Margaret Merrill
463,Fuller Perkins
464,Stewart Boone
465,Fitzgerald Carr
466,Odessa Newton
467,Basil Rutledge
468,Bell Sharp
469,Brynn Hodge
470,Evan Holmes
471,Hop Fitzpatrick
472,Azalia Lane
473,Joelle Alston
474,Rhonda Jacobson
475,Britanney Bennett
476,Jasmine Soto
477,Stewart Brock
478,Harding Gordon
479,Illana Barrett
480,Victor Avila
481,Indira Trevino
482,Kermit Burgess
483,Hope Slater
484,Rashad Henderson
485,Demetria Flowers
486,Theodore Salas
487,Chandler Lee
488,Channing Newman
489,Kasimir Mills
490,Jordan Bender
491,Althea Mercer
492,Shelby Sears
493,Zia Mayo
494,Rae Atkinson
495,Alisa Navarro
496,Ishmael Murray
497,Justina Gilliam
498,Dexter Carrillo
499,Ursa Farmer
500,Jaden Blankenship
