PaymentStatusID,StatusName
1,Maite Joyce
2,Paula West
3,Cora Trevino
4,Odessa Richardson
5,Yoko Mitchell
6,Sydnee Chan
7,Reuben Patrick
8,Jin Church
9,Yvonne Dorsey
10,Adria Calderon
11,Nero Glass
12,Shelley Cameron
13,Jocelyn Anderson
14,Rashad Burke
15,Abbot Barnett
16,Castor Good
17,Xavier Head
18,Dorian Gill
19,Kennan Kirby
20,Wang Reyes
21,Adena Randolph
22,Raven Albert
23,Beatrice Patel
24,Jenette Christian
25,Joel Chan
26,Ursula Daugherty
27,Ross Morgan
28,Idola Guy
29,Alvin Bentley
30,Sydnee Woodard
31,Quintessa Fernandez
32,Ruth Shepherd
33,Rahim Underwood
34,Keefe Berger
35,Ginger Holcomb
36,Daria Mcclain
37,Tad Calderon
38,Nolan Carlson
39,Owen Cobb
40,Yvette Hernandez
41,Amena Bender
42,Violet Jordan
43,Nero Daugherty
44,Walter Cline
45,Harper Phelps
46,Elmo Puckett
47,Astra Rosario
48,Phelan Mcclure
49,Xaviera Wagner
50,Lillian Good
51,Giacomo Mueller
52,Fuller Fisher
53,Nash Adkins
54,Alyssa Vincent
55,TaShya Carter
56,Kirsten Leon
57,Plato Rhodes
58,Lillian English
59,Molly Holden
60,Moses Mayer
61,Quinn Huffman
62,Nigel Campbell
63,Xanthus Harrington
64,Walter Santiago
65,Nita Key
66,Martin Monroe
67,Rose Meyers
68,Maxwell Hopper
69,Justin Keller
70,Sopoline Fuller
71,Damian Kidd
72,Lacey Dunlap
73,Holmes Castillo
74,Brendan Whitley
75,Serina Davis
76,Willow Foster
77,Slade Weiss
78,Susan Brock
79,Hayley Russo
80,Arden Reilly
81,Yael Madden
82,Galvin Wyatt
83,Jessamine Olson
84,Denise Long
85,Zelenia Mccoy
86,Berk Rowland
87,Daphne Rice
88,McKenzie Booth
89,Lacey Ayala
90,Stuart Rice
91,Quemby Ortiz
92,August Romero
93,Susan Lawson
94,Jolene Santos
95,Hiroko Bradshaw
96,Morgan Reese
97,Alan Stevenson
98,Mechelle Washington
99,Nina Weber
100,Gage Schmidt
101,Brent Little
102,Xaviera Morrison
103,Ali Albert
104,Dara Morrow
105,Tarik Kane
106,Savannah Stanley
107,Audra Strickland
108,Cody Jackson
109,Shaine Clemons
110,Anne Gentry
111,Moses Lindsey
112,Hamilton Ferguson
113,Wyatt Mathews
114,Olivia Maynard
115,Harlan Allison
116,Bo Stanley
117,Norman Hyde
118,Rogan Golden
119,Lila Mclaughlin
120,Clayton Gilliam
121,Vivian David
122,Eric Gill
123,Elliott Head
124,Tiger Mclean
125,Rinah Pollard
126,Brock Levy
127,Wyatt Rodriquez
128,Alice Gibson
129,Louis Lee
130,Kyla Gallagher
131,Jacob Merritt
132,Dana Butler
133,Lamar Rivers
134,Serena Phillips
135,Jin Francis
136,Francesca Dorsey
137,Cassidy Reyes
138,Caesar Mccullough
139,Patricia Ellis
140,Preston Newman
141,Arden Montoya
142,Christen Doyle
143,Thor Mooney
144,Kelsey Copeland
145,Norman Albert
146,Dante Bond
147,Lois Hartman
148,Shelly Mcpherson
149,Yasir Reilly
150,Keiko Reed
151,Emery Oneil
152,Candace Pearson
153,Mary Adkins
154,Rae Dejesus
155,Ina Morrison
156,Eugenia Mosley
157,Colby Larson
158,Libby Ochoa
159,Violet Pena
160,Calvin Herrera
161,Chadwick Puckett
162,Quemby Dejesus
163,Adrienne Byers
164,India Madden
165,Darrel Mcintosh
166,Ella Morse
167,Edan Hobbs
168,Ariana Ramos
169,Gareth Burton
170,Mollie Stephens
171,Rudyard Vincent
172,Mollie Marsh
173,Josiah Lowe
174,Carlos Whitney
175,Alec Craft
176,Galvin Bonner
177,Madaline Lang
178,Ivan Clay
179,Cameron Hicks
180,Daquan Bradford
181,Clark Mclaughlin
182,Leah Berry
183,Colton Delgado
184,Iliana Fowler
185,Gray Roberson
186,Sasha Mathews
187,Willow Shaffer
188,Xander Yang
189,Damon Sherman
190,Preston Joyner
191,Noel Barrett
192,Clarke Glass
193,Curran Drake
194,Clinton Ellison
195,Judith Reeves
196,Brielle Wilkins
197,Griffith Sheppard
198,Randall Leonard
199,Camille Foreman
200,Tatyana Guzman
201,Burke Kidd
202,Nora Daugherty
203,Alden Burke
204,Uriah Dennis
205,Ashely Burton
206,Geoffrey Tanner
207,Pascale Weber
208,Ronan Serrano
209,Evangeline Petersen
210,Cain Cherry
211,Allistair Russo
212,Delilah Pacheco
213,Colorado Cobb
214,Tamara Quinn
215,Alexa Stuart
216,Kasimir Pearson
217,Amir Boone
218,Alisa Mills
219,Rowan Decker
220,Abel Chandler
221,MacKensie Delaney
222,Sybil Garza
223,Moses Patel
224,Rebekah Dawson
225,Amanda Alston
226,Virginia Tyler
227,Shaine Potts
228,MacKensie Hampton
229,Fitzgerald Britt
230,Ifeoma Dalton
231,Russell Burch
232,Ezra Richards
233,Yoshio Fischer
234,Kelsie Ryan
235,Charlotte Wright
236,Patience Chan
237,Elmo Richardson
238,Olympia Middleton
239,Hammett Wong
240,Carter Craft
241,Zephania Webster
242,Amanda Walsh
243,Jared King
244,Tanner Church
245,Maisie Mercer
246,Kamal Leon
247,Harding Poole
248,Oliver Dudley
249,Quemby Irwin
250,Andrew Donaldson
251,Gil Bailey
252,Quon Dotson
253,Eagan Whitfield
254,Colleen Wynn
255,Logan Everett
256,Tallulah Norris
257,Davis Mathis
258,Wade Downs
259,Barclay Page
260,Noelle Grant
261,Dieter Mendoza
262,Imelda Lane
263,Lila Dejesus
264,Audra Glover
265,Bevis Preston
266,Jordan Barton
267,Clementine Golden
268,Emerson Harrington
269,Audrey Parsons
270,Deborah Rivers
271,Yoshi Allen
272,Irma Potter
273,Ryan Silva
274,Craig Lindsay
275,Tatum Travis
276,Gabriel Watts
277,Carissa Hardy
278,Noelle Nguyen
279,Jarrod Mccullough
280,Britanney Travis
281,Jennifer Mccray
282,Samuel Barrera
283,Holly David
284,Veronica Giles
285,Roth O'Neill
286,Hayes Morris
287,Baker Downs
288,Candice Aguilar
289,Unity Diaz
290,Ian Turner
291,Lacey Parrish
292,Tanek Cash
293,Lamar Hood
294,Lyle Petty
295,Ivy Alston
296,Nelle Holland
297,Rogan Hays
298,Uriah Cunningham
299,Craig Garrison
300,Otto Fox
301,Blaze Johns
302,Wallace Blair
303,Dara Olsen
304,Cheryl Ratliff
305,Adrian Kerr
306,Wyoming Tillman
307,Tad Floyd
308,Claudia Lynn
309,Molly Tanner
310,Nissim Klein
311,Elliott Dalton
312,Cecilia Barron
313,Allegra Garner
314,Nolan Richards
315,Ashely Dejesus
316,Mercedes Chavez
317,Caesar Cannon
318,Lani Kline
319,Jason Smith
320,Iris Taylor
321,Kane Wyatt
322,Zena Vaughan
323,Brian Rodriguez
324,Mohammad Mejia
325,Erich Johnson
326,Dieter Buchanan
327,Bryar Craft
328,Yael Newton
329,Tyler Rhodes
330,Ralph Jackson
331,Russell Heath
332,Kylynn Blair
333,Francesca Ruiz
334,Athena Barrett
335,Mercedes Sawyer
336,Ariel Potter
337,Xantha Ball
338,Ulric Byers
339,Lucas Berger
340,Solomon Ward
341,Margaret Hebert
342,Mark Haley
343,Laith Davis
344,Zenaida Morgan
345,Gary Allen
346,Wylie Kennedy
347,Driscoll Scott
348,Carl Preston
349,Suki Romero
350,Myles O'connor
351,Mannix Solomon
352,Connor Livingston
353,Ferdinand Daugherty
354,Myra Fuller
355,Kyle Schneider
356,Brennan Alexander
357,Hayley Curry
358,Rashad House
359,Sydney Wiggins
360,Daria Phillips
361,Orson Burks
362,Cecilia Dunlap
363,Raven Santos
364,Kimberley Freeman
365,Yen Shelton
366,Peter Griffin
367,Maya Cole
368,Uriah Cantu
369,Regina Young
370,Ifeoma Floyd
371,Xanthus Mclaughlin
372,Megan Carroll
373,Dante Long
374,Dora Curtis
375,Zelenia Stuart
376,Harlan Pacheco
377,Branden Swanson
378,Forrest Douglas
379,Reed Sanders
380,Irene Gaines
381,Meredith Daniel
382,Alec Stein
383,Ora Buchanan
384,Melodie Stanley
385,Emma Frost
386,Wyatt House
387,Moses Guthrie
388,Jenna Clay
389,Aphrodite Vaughan
390,Iona Hodge
391,Gloria Sawyer
392,MacKensie Crane
393,Holmes Beasley
394,Carson Gross
395,Lani Pittman
396,Igor Murray
397,Christen Davenport
398,Adara Hinton
399,Tallulah Joyce
400,Kennedy Carroll
401,Brennan Simmons
402,Leo Jackson
403,Hanna Irwin
404,Elmo Salinas
405,Joan Talley
406,Alfonso Hamilton
407,Kevyn Hyde
408,Gabriel Warren
409,Bryar Reed
410,Lunea Preston
411,Denton Ruiz
412,Basil Barton
413,Zorita Diaz
414,Stephanie Heath
415,Wade Newman
416,Rogan Leonard
417,Beck Hamilton
418,Rina Ruiz
419,Yoko Watkins
420,Berk Mcleod
421,Murphy Good
422,Melvin Maddox
423,Alisa Hampton
424,Addison Mullins
425,Grant Schwartz
426,Hasad Maddox
427,Vielka Martinez
428,Dorian Baker
429,Gabriel Wiggins
430,Leah Little
431,MacKensie Garrison
432,Vivien Campbell
433,Renee Wallace
434,Abel Webster
435,Sharon Carr
436,Galvin Sharp
437,Fallon Duran
438,Brendan Vinson
439,Minerva Haynes
440,Channing Cook
441,Knox Golden
442,Kelsie Coffey
443,Daria Delacruz
444,Cally Cook
445,Kai Byers
446,Neve Hayden
447,Paki Velez
448,Nomlanga Melton
449,Hedley Stone
450,Beck Walter
451,Leigh Golden
452,Eaton Harrison
453,Alan Arnold
454,Cheyenne Salinas
455,Kenyon Rivera
456,Fatima Pratt
457,Theodore Mills
458,Kaitlin Klein
459,Zachary Blanchard
460,Hilary Larsen
461,Kuame Brennan
462,Jorden Bradshaw
463,Emerson Vaughn
464,Phelan Wall
465,Rachel Larson
466,Emi Moses
467,Brock Nash
468,Jeanette O'Neill
469,Ishmael Miles
470,Kaseem Butler
471,Sonia Kirk
472,Bell Quinn
473,Adria Young
474,Basia Becker
475,Tamekah Dominguez
476,Aurora Park
477,Sigourney Saunders
478,Ezekiel Pollard
479,Kasper Dillon
480,Brennan Riley
481,Isabella Price
482,Declan Travis
483,Akeem Knox
484,Kamal Bauer
485,Buckminster Mcclain
486,Leroy Noel
487,Colin Webster
488,Amela Walls
489,Oren Alford
490,Tasha Delaney
491,Cynthia Maxwell
492,Tatiana Neal
493,Alma Cunningham
494,Vaughan Reed
495,Kelsey Bray
496,Orson Hopper
497,Helen Flowers
498,Lawrence Glass
499,Nerea Farley
500,Norman Workman
