CustomerID,FullName,Phone,Email,JoinDate
1,Walsh Ould,460-267-4612,would0@nsw.gov.au,7/8/2020
2,Chery Sybe,203-925-7828,csybe1@1688.com,4/14/2025
3,Bobbette Keveren,913-481-8067,bkeveren2@bloglines.com,9/22/2019
4,Robers Simmens,268-304-4140,rsimmens3@usnews.com,6/18/2024
5,Lois Giorgione,182-692-2601,lgiorgione4@surveymonkey.com,8/30/2023
6,Kelly Pallatina,114-447-5977,kpallatina5@shutterfly.com,12/2/2021
7,Leeann Cardew,820-760-2884,lcardew6@comsenz.com,2/21/2022
8,Effie Cuppleditch,713-382-3868,ecuppleditch7@foxnews.com,8/28/2022
9,Hetty Brazel,876-109-3351,hbrazel8@gizmodo.com,11/26/2023
10,Maurine Yearsley,288-564-7206,myearsley9@tinypic.com,2/18/2023
11,James Braybrooks,607-497-4990,jbraybrooksa@vk.com,4/9/2023
12,Vivian Dumbarton,377-857-9374,vdumbartonb@histats.com,1/13/2021
13,Lock Tubbs,228-402-3172,ltubbsc@ted.com,7/8/2024
14,Jereme Dingwall,134-785-8921,jdingwalld@sphinn.com,2/6/2025
15,Leigha Voisey,238-414-5665,lvoiseye@artisteer.com,3/9/2022
16,Elly Tulk,506-630-7213,etulkf@house.gov,2/23/2019
17,Aguistin Duhig,215-427-7095,aduhigg@51.la,3/4/2021
18,Jonah Grishanov,732-724-5453,jgrishanovh@pbs.org,4/4/2023
19,Dara Roydon,978-558-4306,droydoni@taobao.com,11/25/2018
20,Cosimo Scarlan,937-671-3392,cscarlanj@cdbaby.com,2/17/2019
21,Witty McKew,543-457-9459,wmckewk@cocolog-nifty.com,4/22/2022
22,Anstice Hearsum,657-807-7888,ahearsuml@cmu.edu,6/1/2018
23,Dina L'Homme,490-807-8471,dlhommem@skyrock.com,9/25/2018
24,Stacee Hush,503-778-3383,shushn@miitbeian.gov.cn,1/26/2019
25,Nonnah Palek,983-481-6281,npaleko@studiopress.com,10/9/2018
26,Keely Mcwhinney,509-616-7900,kmcwhinneyp@foxnews.com,11/16/2023
27,Carlota Preddy,104-510-0322,cpreddyq@abc.net.au,1/30/2023
28,Farah Hellcat,675-777-6967,fhellcatr@bloomberg.com,3/24/2024
29,Noreen Logsdale,733-947-1371,nlogsdales@bravesites.com,10/5/2024
30,Broddy Haw,947-621-5237,bhawt@nationalgeographic.com,9/12/2023
31,Marge Morkham,964-864-1854,mmorkhamu@free.fr,4/19/2022
32,Charmain Gudgion,896-223-6746,cgudgionv@qq.com,8/25/2020
33,Arlina Laws,192-651-0983,alawsw@purevolume.com,6/23/2023
34,Davey Chaimson,658-290-2337,dchaimsonx@ox.ac.uk,5/20/2024
35,Angelo Vockings,333-879-8885,avockingsy@usnews.com,3/21/2019
36,Milty Heymes,470-192-9443,mheymesz@bigcartel.com,5/19/2019
37,Ines Swalwel,169-520-6784,iswalwel10@ustream.tv,4/28/2022
38,Jeff Desaur,313-256-4709,jdesaur11@livejournal.com,2/23/2020
39,Angus Menaul,801-791-2266,amenaul12@businessweek.com,11/8/2020
40,Beniamino Lermit,662-508-3608,blermit13@epa.gov,2/4/2021
41,Lesley Conquer,469-754-1930,lconquer14@nps.gov,4/12/2021
42,Raf Handforth,186-230-9235,rhandforth15@slideshare.net,3/30/2020
43,Fionnula Kneal,218-810-7484,fkneal16@about.me,1/14/2022
44,Shurwood Rupp,631-469-5570,srupp17@taobao.com,10/30/2024
45,Northrup Coyett,566-962-0778,ncoyett18@zimbio.com,4/13/2019
46,Pen Pydcock,432-367-0302,ppydcock19@youku.com,2/6/2025
47,Dione Darbon,610-297-8736,ddarbon1a@tripadvisor.com,12/6/2019
48,Kellie Duinbleton,986-976-0965,kduinbleton1b@slideshare.net,3/25/2018
49,Fae Harber,820-840-4847,fharber1c@livejournal.com,3/24/2025
50,Ethelin Blurton,465-638-7550,eblurton1d@mac.com,1/8/2025
51,Elyssa Grinstead,745-817-6044,egrinstead1e@samsung.com,6/5/2025
52,Emmie Shand,728-760-5668,eshand1f@addthis.com,12/19/2019
53,Devland Killingsworth,127-903-0376,dkillingsworth1g@aol.com,6/24/2019
54,Yuma Vivian,374-915-8814,yvivian1h@google.com.au,11/15/2018
55,Rivkah Cortes,198-503-4902,rcortes1i@soundcloud.com,11/27/2023
56,Augustus Sibray,515-483-0738,asibray1j@bandcamp.com,7/8/2021
57,Sinclair Wadwell,959-184-9987,swadwell1k@wp.com,6/23/2022
58,Way Ghost,488-428-9010,wghost1l@wikispaces.com,8/5/2019
59,Eran Iacofo,402-475-1137,eiacofo1m@usnews.com,9/20/2019
60,Ignace Klimsch,835-553-4101,iklimsch1n@phpbb.com,1/12/2026
61,Ursula Phlippsen,383-128-1005,uphlippsen1o@si.edu,6/2/2023
62,Clementina Brinklow,150-404-9224,cbrinklow1p@webeden.co.uk,9/22/2022
63,Gerianne Sterry,652-188-9769,gsterry1q@blogtalkradio.com,4/20/2024
64,Ado Camerana,934-845-9678,acamerana1r@wikia.com,10/4/2019
65,Nerta Routley,842-824-0568,nroutley1s@mozilla.org,5/3/2023
66,Ignaz Gallymore,330-866-9887,igallymore1t@walmart.com,7/11/2018
67,Obed McCrisken,930-201-5612,omccrisken1u@flavors.me,10/19/2023
68,Brittani Finnimore,882-302-6187,bfinnimore1v@webnode.com,8/30/2025
69,Jeri Locker,253-955-5040,jlocker1w@opera.com,4/26/2024
70,Mile Kinane,183-817-3711,mkinane1x@irs.gov,9/14/2025
71,Chris Crosby,709-582-3946,ccrosby1y@google.ca,10/3/2024
72,Pate Lisett,102-920-3017,plisett1z@jimdo.com,7/2/2020
73,Desmond Tanti,220-290-8973,dtanti20@google.com.hk,5/27/2018
74,Pierrette Laboune,605-212-1451,plaboune21@arizona.edu,4/29/2018
75,Saunder Pogg,596-299-0223,spogg22@oracle.com,6/17/2019
76,Woodman Isacsson,388-702-1625,wisacsson23@stanford.edu,10/10/2023
77,Kahlil Scolding,643-200-3443,kscolding24@weebly.com,1/5/2023
78,Husain Gault,796-643-7676,hgault25@live.com,4/29/2023
79,Nola Hibbart,339-324-6165,nhibbart26@tumblr.com,10/3/2023
80,Annaliese Aldrin,834-344-1072,aaldrin27@example.com,6/13/2023
81,Wendall Ramsdale,536-866-3373,wramsdale28@microsoft.com,11/23/2025
82,Hatti Pickton,138-801-1444,hpickton29@uiuc.edu,7/25/2021
83,Alyse Hingeley,406-581-3191,ahingeley2a@livejournal.com,3/26/2020
84,Daniele Franzke,603-942-4250,dfranzke2b@state.tx.us,6/11/2020
85,Alexis Kitchener,970-660-5250,akitchener2c@plala.or.jp,10/12/2023
86,Florette Thurley,562-134-6137,fthurley2d@discuz.net,5/2/2021
87,Dulsea Viner,586-645-0247,dviner2e@oracle.com,2/28/2019
88,Slade Holmyard,331-394-7097,sholmyard2f@irs.gov,1/18/2021
89,Jefferey Graveson,918-210-9359,jgraveson2g@bing.com,8/3/2021
90,Hershel Andress,934-509-5246,handress2h@salon.com,10/4/2020
91,Deloris Dicte,585-353-3516,ddicte2i@mayoclinic.com,11/11/2021
92,Chiquia Rowbury,150-125-1220,crowbury2j@google.com,4/16/2024
93,Bartolomeo Bentke,983-833-3066,bbentke2k@nasa.gov,3/1/2024
94,Boothe Pietsma,996-502-3402,bpietsma2l@trellian.com,7/21/2018
95,Zach Gavrielli,528-983-8810,zgavrielli2m@mysql.com,11/28/2022
96,Sibby Laurie,653-541-7951,slaurie2n@addthis.com,3/8/2025
97,Jade Allonby,994-534-1882,jallonby2o@fema.gov,9/21/2021
98,Krisha Ganter,847-880-2659,kganter2p@biglobe.ne.jp,7/1/2024
99,Gerta Hutchence,513-190-5352,ghutchence2q@symantec.com,3/16/2026
100,Berti Hibbart,690-625-0584,bhibbart2r@merriam-webster.com,8/22/2025
101,Erinn Wadhams,480-497-5769,ewadhams2s@addtoany.com,11/15/2021
102,Luise Carver,903-917-5260,lcarver2t@pen.io,4/17/2018
103,Moss Lucas,859-736-4255,mlucas2u@nymag.com,1/12/2023
104,Phil Jozwik,654-420-8651,pjozwik2v@slashdot.org,11/7/2025
105,Sonnie Gullyes,173-436-3334,sgullyes2w@ihg.com,3/23/2023
106,Sela Mayman,612-981-4473,smayman2x@ca.gov,10/22/2019
107,Analise Wife,828-631-4226,awife2y@uiuc.edu,1/10/2019
108,Bar Da Costa,118-930-1443,bda2z@ox.ac.uk,3/25/2025
109,Rea Crotch,920-179-5056,rcrotch30@harvard.edu,9/16/2020
110,Claiborne Brickett,755-504-6697,cbrickett31@weibo.com,4/7/2024
111,Garrott Cochran,317-507-5142,gcochran32@simplemachines.org,7/20/2024
112,Candi Backler,757-107-9782,cbackler33@biblegateway.com,3/26/2020
113,Modestine Vyvyan,709-973-5398,mvyvyan34@indiegogo.com,10/1/2025
114,Lynnelle Haselgrove,801-773-7398,lhaselgrove35@squidoo.com,11/20/2022
115,Thomasa Antcliffe,613-629-9522,tantcliffe36@google.de,2/5/2024
116,Letty Mandry,927-848-5782,lmandry37@columbia.edu,5/24/2020
117,Eadie Tonkes,191-752-2700,etonkes38@disqus.com,12/2/2023
118,Lynnelle Darlaston,540-778-1377,ldarlaston39@addthis.com,8/31/2022
119,Domenic Layland,336-790-5956,dlayland3a@gov.uk,3/6/2023
120,Granville Fludder,825-275-5568,gfludder3b@accuweather.com,2/28/2019
121,Albertine MacKnight,320-490-5247,amacknight3c@ucoz.com,2/18/2022
122,Clywd Pancoast,144-649-3413,cpancoast3d@cnbc.com,9/3/2021
123,Dolly Simchenko,266-286-7881,dsimchenko3e@berkeley.edu,11/23/2021
124,Nedda Pikhno,802-915-1401,npikhno3f@home.pl,5/1/2022
125,Raymund Dundin,311-883-1715,rdundin3g@nytimes.com,10/22/2020
126,Bastian Crow,213-330-4899,bcrow3h@bloglines.com,12/22/2018
127,Clareta Grinval,965-798-6352,cgrinval3i@illinois.edu,2/15/2025
128,Silvan Cumberledge,430-508-9365,scumberledge3j@loc.gov,6/25/2024
129,Rourke Grahlman,310-475-7821,rgrahlman3k@alexa.com,4/1/2024
130,Adella Winscum,378-877-1854,awinscum3l@webs.com,4/15/2018
131,Adriaens Purcell,664-388-5446,apurcell3m@exblog.jp,3/16/2019
132,Harlan Sallinger,406-469-2736,hsallinger3n@wikispaces.com,7/23/2021
133,Jackqueline Howieson,437-118-9892,jhowieson3o@sakura.ne.jp,10/5/2019
134,Florri Valdes,428-365-9962,fvaldes3p@geocities.com,8/2/2024
135,Cherice Gairdner,308-181-4605,cgairdner3q@ft.com,12/7/2020
136,Cornelius Ollivierre,119-152-3262,collivierre3r@google.fr,4/8/2019
137,Collette Sprigg,774-920-3007,csprigg3s@studiopress.com,7/7/2024
138,Phylis Church,960-612-4240,pchurch3t@google.co.uk,1/3/2024
139,Tasha Deighton,836-504-7606,tdeighton3u@privacy.gov.au,4/16/2025
140,Olivette Spurrett,780-168-7964,ospurrett3v@sina.com.cn,9/29/2025
141,Adrien Botham,331-948-3284,abotham3w@liveinternet.ru,8/5/2025
142,Bancroft Imm,204-636-6286,bimm3x@ftc.gov,8/27/2018
143,Danette Deplacido,706-775-7702,ddeplacido3y@google.com.au,4/12/2021
144,Shirlene Goranov,670-831-0010,sgoranov3z@people.com.cn,7/30/2024
145,Adena Mahon,770-180-1822,amahon40@mayoclinic.com,11/3/2020
146,Caldwell Burgh,646-448-2443,cburgh41@vk.com,1/3/2026
147,Francene Drennan,513-535-4797,fdrennan42@discuz.net,6/15/2024
148,Almeria Ollis,634-659-0530,aollis43@wordpress.org,6/11/2019
149,Kincaid Postlethwaite,169-882-5888,kpostlethwaite44@zimbio.com,11/16/2024
150,Darcy Farlow,231-342-5660,dfarlow45@creativecommons.org,4/13/2018
151,Lin Mansford,485-530-0774,lmansford46@noaa.gov,7/16/2022
152,Zechariah Aveline,589-679-9720,zaveline47@washingtonpost.com,4/10/2023
153,Culver Derl,784-587-1241,cderl48@artisteer.com,12/28/2020
154,Sophia Billows,382-333-9896,sbillows49@google.it,3/12/2021
155,Floris Blouet,195-886-6271,fblouet4a@bravesites.com,10/18/2020
156,Chrystel Dibson,955-399-2902,cdibson4b@ameblo.jp,8/12/2019
157,Ezra Foad,508-748-4696,efoad4c@com.com,11/18/2019
158,Essy Varcoe,664-907-4568,evarcoe4d@thetimes.co.uk,9/25/2025
159,Auberon Bahia,918-788-1473,abahia4e@oaic.gov.au,7/12/2021
160,Reynold Palfreman,192-171-3798,rpalfreman4f@newsvine.com,8/28/2021
161,Averil Abbado,175-815-9993,aabbado4g@tamu.edu,8/21/2023
162,Marrilee Scading,333-215-3875,mscading4h@alexa.com,4/4/2022
163,Tiphanie Oakeshott,494-642-6482,toakeshott4i@hostgator.com,10/24/2023
164,Marlene Mc Elory,938-890-4113,mmc4j@squidoo.com,4/30/2025
165,Bordy Ruzek,673-872-4070,bruzek4k@fotki.com,10/23/2023
166,Dulcia Kell,575-820-9929,dkell4l@sciencedirect.com,4/5/2023
167,Whitaker Kersaw,441-509-5879,wkersaw4m@cisco.com,6/13/2021
168,Sebastiano Cossum,884-330-8341,scossum4n@ucoz.com,12/5/2019
169,Minerva Jeune,499-236-6480,mjeune4o@cbslocal.com,12/29/2024
170,Leanna McIntosh,337-592-7671,lmcintosh4p@noaa.gov,1/6/2019
171,Francyne Ciani,157-670-2955,fciani4q@hp.com,8/8/2024
172,Merrili Garoghan,349-417-4386,mgaroghan4r@comcast.net,7/25/2022
173,Alanson Usherwood,103-123-1753,ausherwood4s@ycombinator.com,6/2/2021
174,Elwyn Fearnsides,713-592-7247,efearnsides4t@artisteer.com,4/18/2021
175,Clementine Stearne,382-622-0194,cstearne4u@mysql.com,1/4/2020
176,Petronella Benns,615-355-3822,pbenns4v@tumblr.com,3/3/2026
177,Spence Doppler,582-583-6209,sdoppler4w@loc.gov,1/16/2020
178,Lionel Edginton,960-437-5573,ledginton4x@soundcloud.com,5/20/2025
179,Fonz Tuckwell,448-147-1916,ftuckwell4y@army.mil,11/26/2019
180,Ianthe Ygoe,200-277-0433,iygoe4z@quantcast.com,3/27/2018
181,Nellie Mazzilli,751-763-9598,nmazzilli50@live.com,6/29/2023
182,Lonnard Kyttor,339-699-5095,lkyttor51@wikipedia.org,8/3/2018
183,Alys Abthorpe,187-117-9840,aabthorpe52@altervista.org,3/9/2023
184,Kermy Pym,992-168-5044,kpym53@nih.gov,9/21/2022
185,Witty Cathrae,524-214-6298,wcathrae54@weibo.com,12/3/2024
186,Amber Harford,451-662-5244,aharford55@bing.com,8/17/2023
187,Fabio Bowich,392-504-6090,fbowich56@princeton.edu,8/2/2024
188,Calla Kingscote,915-698-7805,ckingscote57@google.ru,6/4/2024
189,Justina Ruegg,118-341-8703,jruegg58@bravesites.com,12/20/2023
190,Milty Denness,670-760-1667,mdenness59@addtoany.com,3/7/2024
191,Flynn Kesteven,396-469-6116,fkesteven5a@nymag.com,11/11/2021
192,Adele Avis,147-912-8471,aavis5b@cdc.gov,4/28/2018
193,Reta Cartmer,569-795-5116,rcartmer5c@cafepress.com,1/7/2020
194,Calla Ciccoloi,308-753-1891,cciccoloi5d@prlog.org,10/10/2025
195,Dusty Gergely,459-770-7296,dgergely5e@tumblr.com,7/2/2024
196,Arnaldo Linfield,907-518-0646,alinfield5f@statcounter.com,2/17/2023
197,Constanta Phillis,610-411-9691,cphillis5g@ox.ac.uk,2/5/2020
198,Pammi Ofener,933-638-6376,pofener5h@newyorker.com,10/31/2022
199,Cassandra Arundell,994-720-2169,carundell5i@wired.com,6/8/2024
200,Evvy Lepere,192-457-2392,elepere5j@google.pl,8/5/2020
201,Ab Krebs,557-496-4356,akrebs5k@fc2.com,5/24/2020
202,Buffy Barense,230-481-0086,bbarense5l@vimeo.com,10/22/2019
203,Leanor de Keep,723-162-8348,lde5m@sfgate.com,2/4/2020
204,Huey Grebert,967-530-8069,hgrebert5n@photobucket.com,8/2/2020
205,Monah Custance,844-215-3830,mcustance5o@omniture.com,10/22/2022
206,Bernard Nicol,889-289-0739,bnicol5p@bloglovin.com,4/18/2024
207,Nannie Cohrs,559-459-6039,ncohrs5q@who.int,6/7/2025
208,Georgeanna Cullingworth,413-880-6648,gcullingworth5r@joomla.org,1/2/2024
209,Marcile Pilipets,621-411-8035,mpilipets5s@ft.com,4/17/2023
210,Desdemona Nerger,460-797-1911,dnerger5t@epa.gov,5/14/2019
211,Graeme Tollerton,294-521-7310,gtollerton5u@bizjournals.com,12/14/2022
212,Flossie MacLure,911-508-8371,fmaclure5v@sourceforge.net,1/27/2024
213,Elizabet Toffoloni,572-595-7421,etoffoloni5w@drupal.org,8/7/2020
214,Star Keeffe,239-125-6473,skeeffe5x@constantcontact.com,12/11/2024
215,Elana Ameer-Beg,748-740-3529,eameerbeg5y@wordpress.com,2/5/2024
216,Belva Lymbourne,636-627-0658,blymbourne5z@cafepress.com,11/16/2018
217,Myles Sherrock,183-731-6655,msherrock60@google.com.au,1/19/2021
218,Madlen Torrance,517-913-4785,mtorrance61@statcounter.com,10/3/2020
219,Ilise Ballard,615-834-2847,iballard62@geocities.jp,3/5/2022
220,Gerome Winning,754-264-9233,gwinning63@livejournal.com,7/18/2023
221,Rex Kull,238-627-9831,rkull64@omniture.com,3/5/2026
222,Quintana Gay,695-820-7491,qgay65@upenn.edu,1/13/2021
223,Clary Stapleford,343-712-0011,cstapleford66@trellian.com,4/16/2018
224,Berny Gidley,133-986-0170,bgidley67@ning.com,11/30/2020
225,Carlina Lanning,137-394-2613,clanning68@weibo.com,5/22/2020
226,Arleen Siggee,871-922-6662,asiggee69@time.com,11/13/2021
227,Dede Cordsen,841-352-2875,dcordsen6a@friendfeed.com,9/27/2019
228,Vitia Pettican,157-543-7012,vpettican6b@reverbnation.com,9/21/2023
229,Arlen Heustace,445-336-0786,aheustace6c@chronoengine.com,7/18/2020
230,Eamon Collopy,377-630-9858,ecollopy6d@independent.co.uk,7/26/2023
231,Riobard Andrusyak,951-231-9183,randrusyak6e@hexun.com,2/28/2022
232,Aridatha Oldall,244-383-3455,aoldall6f@nps.gov,8/29/2019
233,Nevile Babe,566-123-1064,nbabe6g@angelfire.com,3/13/2020
234,Delmer Pragnell,573-429-6517,dpragnell6h@va.gov,10/16/2019
235,Corrine Kornes,473-219-9444,ckornes6i@umich.edu,7/29/2025
236,Erwin Teasdale-Markie,953-544-5436,eteasdalemarkie6j@rediff.com,4/13/2022
237,Otes Ponde,611-630-3918,oponde6k@xinhuanet.com,9/14/2023
238,Gibby Carnier,578-540-0029,gcarnier6l@instagram.com,9/13/2024
239,Malinde Farfalameev,824-744-4605,mfarfalameev6m@blinklist.com,4/21/2024
240,Ophelie Piken,152-577-8634,opiken6n@purevolume.com,6/29/2019
241,Vivien Kinneally,992-952-9561,vkinneally6o@craigslist.org,5/21/2022
242,Obadiah Kantor,254-158-1757,okantor6p@weebly.com,2/4/2026
243,Ber Poller,663-292-4735,bpoller6q@answers.com,1/24/2020
244,Lacee Robson,621-770-6915,lrobson6r@si.edu,7/7/2020
245,Nerissa Onians,300-291-0661,nonians6s@flavors.me,5/4/2020
246,Lamond Hought,765-662-4614,lhought6t@state.tx.us,9/24/2018
247,Debby Massen,769-644-9662,dmassen6u@hud.gov,5/6/2019
248,Traver Budnik,151-621-9910,tbudnik6v@cpanel.net,4/16/2023
249,Dasha Deacon,100-275-4111,ddeacon6w@independent.co.uk,10/2/2021
250,Dulcie Cantua,216-189-8135,dcantua6x@fc2.com,2/28/2021
251,Bronson Perazzo,676-122-7788,bperazzo6y@cafepress.com,2/28/2024
252,Steffane Rosenfeld,378-749-4179,srosenfeld6z@freewebs.com,5/15/2025
253,Peyton Grizard,611-515-6399,pgrizard70@yahoo.com,5/25/2022
254,Brana Hoovart,911-878-8149,bhoovart71@networksolutions.com,10/27/2018
255,Eliza Zold,231-767-8837,ezold72@auda.org.au,4/24/2022
256,Yasmin de'-Ancy Willis,540-193-2160,ydeancy73@irs.gov,8/19/2020
257,Gianna MacKall,251-105-1573,gmackall74@eventbrite.com,7/8/2025
258,Cesaro Ellershaw,677-152-1759,cellershaw75@nasa.gov,11/10/2019
259,Adrea Huckabe,405-861-4646,ahuckabe76@gnu.org,9/12/2021
260,Selie Slaney,402-344-6580,sslaney77@cam.ac.uk,3/1/2021
261,Northrup Sweetlove,160-499-0541,nsweetlove78@sourceforge.net,3/1/2020
262,Vonni Davana,917-537-2648,vdavana79@virginia.edu,5/5/2021
263,Hunter Oldacres,962-948-7251,holdacres7a@dedecms.com,12/9/2023
264,Rhona Saxby,808-122-2230,rsaxby7b@networksolutions.com,3/11/2019
265,Idalina Jursch,656-367-0966,ijursch7c@psu.edu,1/27/2023
266,Fidelity Schiefersten,587-419-6743,fschiefersten7d@marketwatch.com,8/17/2019
267,Dalli Jamrowicz,146-502-2541,djamrowicz7e@comsenz.com,4/12/2022
268,Carolina Halpine,491-281-9426,chalpine7f@ca.gov,12/2/2025
269,Ian Stoll,441-606-6486,istoll7g@symantec.com,4/22/2021
270,Nonnah Northill,527-908-5294,nnorthill7h@quantcast.com,3/12/2021
271,Dedra Conradsen,202-864-3936,dconradsen7i@123-reg.co.uk,8/9/2021
272,Viviene Tumilty,829-684-5744,vtumilty7j@flavors.me,4/22/2021
273,Obed Mulhill,806-581-7819,omulhill7k@liveinternet.ru,4/17/2018
274,Natka Lanegran,442-477-0958,nlanegran7l@list-manage.com,11/17/2021
275,Mariellen Belfelt,404-940-9645,mbelfelt7m@cnbc.com,3/27/2024
276,Ayn Venner,824-738-4135,avenner7n@fc2.com,5/1/2021
277,Hynda Coffee,398-218-5881,hcoffee7o@jugem.jp,6/9/2022
278,Erminia Romi,665-730-2875,eromi7p@zdnet.com,4/21/2020
279,Cord Besnardeau,584-774-9250,cbesnardeau7q@issuu.com,11/24/2019
280,Florencia Bees,102-797-3943,fbees7r@smugmug.com,1/29/2021
281,Farr Voules,864-141-4949,fvoules7s@a8.net,11/28/2022
282,Antonia Prestney,601-204-8315,aprestney7t@tinypic.com,2/19/2023
283,Charo Leftwich,622-857-0003,cleftwich7u@msn.com,5/22/2018
284,Christin Birkenhead,806-475-2223,cbirkenhead7v@washington.edu,8/11/2019
285,Samara Masarrat,515-496-5277,smasarrat7w@1und1.de,9/11/2022
286,Dareen Hardin,975-345-9528,dhardin7x@tamu.edu,5/30/2023
287,Felicity Monckton,679-873-1300,fmonckton7y@microsoft.com,3/17/2024
288,Kassey Deschlein,359-738-7288,kdeschlein7z@creativecommons.org,9/15/2019
289,Morgun Dash,600-255-1997,mdash80@list-manage.com,5/25/2019
290,Elora Beedham,765-900-7261,ebeedham81@last.fm,3/22/2018
291,Carmine Ventura,572-389-1893,cventura82@telegraph.co.uk,11/10/2022
292,Susann Jiranek,675-357-5140,sjiranek83@mozilla.org,12/5/2023
293,Barret Ewert,546-263-4793,bewert84@sogou.com,5/21/2023
294,Ruby Boote,107-141-3044,rboote85@ameblo.jp,4/2/2022
295,Charo Jeandel,117-959-6356,cjeandel86@wiley.com,2/9/2025
296,Aleta Beldum,338-373-8851,abeldum87@statcounter.com,1/5/2021
297,Kati Mathely,870-647-1837,kmathely88@zimbio.com,12/1/2025
298,Marillin Greedier,482-230-3881,mgreedier89@unesco.org,3/23/2020
299,Catharine Sansom,527-534-3919,csansom8a@kickstarter.com,3/26/2021
300,Hasheem Khomin,593-768-4989,hkhomin8b@rakuten.co.jp,7/20/2021
301,Bridget Jarrard,340-766-8914,bjarrard8c@amazon.co.uk,7/11/2024
302,Kalina McKeowon,733-200-4385,kmckeowon8d@plala.or.jp,6/29/2019
303,Irma Pally,820-292-9982,ipally8e@merriam-webster.com,11/17/2019
304,Maurine Ozelton,821-761-9569,mozelton8f@webmd.com,1/11/2020
305,Brice Adao,697-265-4663,badao8g@economist.com,11/2/2024
306,Olga Wynter,657-487-6458,owynter8h@1und1.de,10/24/2020
307,Beaufort Peasey,704-244-6625,bpeasey8i@cdbaby.com,12/23/2021
308,Merwyn Brende,902-921-6144,mbrende8j@posterous.com,10/15/2018
309,Penelope Saltmarshe,403-451-7858,psaltmarshe8k@youku.com,5/4/2020
310,Fianna Brinded,939-431-0729,fbrinded8l@godaddy.com,1/29/2025
311,Ilsa Watson,765-355-4134,iwatson8m@bloglines.com,3/18/2021
312,Nicolle Mardlin,141-158-9994,nmardlin8n@dailymail.co.uk,11/28/2025
313,Cosetta Senyard,280-573-5304,csenyard8o@macromedia.com,4/4/2025
314,Maure Merman,312-183-2188,mmerman8p@marketwatch.com,5/12/2019
315,Daniel Boast,668-324-9178,dboast8q@weebly.com,7/21/2025
316,Brynne Giraudel,433-774-6567,bgiraudel8r@samsung.com,7/22/2022
317,Anthia Fallowfield,210-359-1775,afallowfield8s@google.co.jp,8/1/2020
318,Leontyne Mullan,927-553-1085,lmullan8t@tamu.edu,4/28/2024
319,Hallsy Denis,537-110-3144,hdenis8u@quantcast.com,3/3/2020
320,Morissa Boribal,590-469-3669,mboribal8v@dell.com,4/13/2025
321,Holt Kenealy,381-528-4450,hkenealy8w@hud.gov,7/15/2025
322,Veronica Tace,120-627-0555,vtace8x@storify.com,1/11/2020
323,Chere Foynes,788-517-6855,cfoynes8y@hostgator.com,6/18/2025
324,Barrett Klimontovich,757-196-2750,bklimontovich8z@yellowpages.com,11/25/2024
325,Shirl de Voiels,667-816-4834,sde90@4shared.com,8/5/2018
326,Casper Verey,825-363-6083,cverey91@g.co,8/3/2021
327,Zelda Petty,663-654-4768,zpetty92@jiathis.com,11/17/2020
328,Dulcine Geke,563-334-5470,dgeke93@unesco.org,9/26/2018
329,Egan Riggey,128-523-6005,eriggey94@mashable.com,9/6/2018
330,Amelia Gibbon,240-336-8989,agibbon95@si.edu,8/29/2018
331,Butch O'Hagirtie,668-852-0548,bohagirtie96@statcounter.com,7/12/2019
332,Conn Giovanizio,526-833-2103,cgiovanizio97@macromedia.com,6/2/2020
333,Barr Dowzell,946-640-4401,bdowzell98@posterous.com,8/12/2018
334,Elyn Tassell,205-659-2121,etassell99@ifeng.com,4/1/2022
335,Weider Norquay,291-513-5400,wnorquay9a@amazon.de,4/26/2021
336,Dermot Brinded,597-748-2246,dbrinded9b@stumbleupon.com,11/15/2025
337,Davina Wilbore,287-883-6870,dwilbore9c@about.me,8/5/2020
338,Violante Arne,908-344-9042,varne9d@google.ca,12/23/2018
339,Bili Brotherick,783-640-8644,bbrotherick9e@slate.com,8/8/2021
340,Martguerita Pinke,906-703-6940,mpinke9f@etsy.com,3/4/2023
341,Orion Tabram,547-383-4683,otabram9g@vkontakte.ru,8/7/2022
342,Rochette Maudling,844-950-1004,rmaudling9h@europa.eu,10/2/2019
343,Gaile Moxsom,619-577-5891,gmoxsom9i@google.com.br,10/24/2018
344,Dniren Spitell,471-611-8648,dspitell9j@noaa.gov,9/15/2020
345,Susie Bernardet,202-187-3613,sbernardet9k@123-reg.co.uk,6/12/2024
346,Claudie Kapiloff,148-950-2309,ckapiloff9l@mlb.com,7/31/2018
347,Harrison Shearmur,714-562-6470,hshearmur9m@tiny.cc,7/2/2023
348,Odelinda Sollom,766-815-3119,osollom9n@e-recht24.de,10/25/2021
349,Priscilla Cicci,945-461-5451,pcicci9o@earthlink.net,6/17/2020
350,Reinhold Crinion,481-839-0919,rcrinion9p@smugmug.com,7/23/2025
351,Jamey Shane,702-212-4496,jshane9q@senate.gov,4/4/2025
352,Pavlov Brundale,592-817-7836,pbrundale9r@nifty.com,12/30/2018
353,Peggi Congrave,564-948-3450,pcongrave9s@stanford.edu,9/25/2025
354,Emmery Rangell,895-145-5085,erangell9t@dion.ne.jp,11/27/2020
355,Roseline Shrimptone,928-445-4702,rshrimptone9u@ask.com,3/21/2024
356,Nettle Antonowicz,487-917-4299,nantonowicz9v@odnoklassniki.ru,11/11/2023
357,Shurwood Hunton,203-239-4911,shunton9w@archive.org,8/20/2018
358,Wood Lownds,331-830-9376,wlownds9x@cocolog-nifty.com,6/3/2021
359,Mitch Matejka,362-513-3397,mmatejka9y@uol.com.br,8/26/2025
360,Estelle Sawood,615-997-8518,esawood9z@ed.gov,10/31/2019
361,Giralda Mundow,825-255-9843,gmundowa0@imdb.com,8/15/2024
362,Lainey Swiffin,836-707-4582,lswiffina1@163.com,1/20/2024
363,Alexina Fludder,752-822-8241,afluddera2@census.gov,2/28/2026
364,Opaline Illem,472-727-6339,oillema3@virginia.edu,4/2/2025
365,Barri Astman,615-315-7794,bastmana4@e-recht24.de,7/3/2022
366,Holli Bennike,803-928-2262,hbennikea5@naver.com,10/14/2024
367,Lamont Houson,837-546-8783,lhousona6@de.vu,11/4/2018
368,Anselma Frangleton,974-596-2304,afrangletona7@fc2.com,7/29/2025
369,Lorelei Christoforou,394-713-6799,lchristoforoua8@chicagotribune.com,6/8/2021
370,Bobby Eddies,554-226-9173,beddiesa9@dell.com,12/10/2025
371,Levey Allott,853-257-7730,lallottaa@wikia.com,12/28/2025
372,Robby Anniwell,752-448-0611,ranniwellab@oracle.com,4/29/2021
373,Jeniece Fullager,750-100-6360,jfullagerac@vkontakte.ru,1/3/2026
374,Edgardo Chelsom,421-969-4727,echelsomad@rediff.com,1/10/2020
375,Norina O'Heneghan,597-924-6733,noheneghanae@istockphoto.com,3/2/2025
376,Berta Truss,863-764-7944,btrussaf@globo.com,9/8/2023
377,Hermione Lukock,123-637-7803,hlukockag@eepurl.com,7/9/2022
378,Tilda Fayre,338-784-4737,tfayreah@tamu.edu,3/7/2022
379,Maryanna Minerdo,870-190-7270,mminerdoai@aboutads.info,6/9/2022
380,Agna Gunner,355-628-6929,agunneraj@indiatimes.com,8/2/2022
381,Dean Tring,538-454-2780,dtringak@networkadvertising.org,4/12/2020
382,Francine Dagleas,280-386-2491,fdagleasal@about.me,4/30/2018
383,Urbain Dhennin,451-177-9311,udhenninam@w3.org,4/16/2021
384,Luce Pele,691-638-9588,lpelean@tumblr.com,5/27/2022
385,Juana Torrance,772-349-7191,jtorranceao@jiathis.com,11/2/2022
386,Tiffani Elecum,506-405-2464,telecumap@feedburner.com,4/28/2025
387,Helen-elizabeth Aindrais,197-723-9270,haindraisaq@51.la,9/5/2020
388,Ernesto Uwins,929-954-6192,euwinsar@salon.com,4/14/2024
389,Gasparo Povlsen,594-603-0749,gpovlsenas@bbb.org,4/5/2022
390,Meriel Castles,371-431-4456,mcastlesat@dot.gov,1/16/2023
391,Reinold Sloey,727-364-3533,rsloeyau@bloglines.com,1/19/2019
392,Vidovic Carles,990-223-0746,vcarlesav@google.cn,8/14/2018
393,Phil Mincher,511-354-6343,pmincheraw@nba.com,12/18/2020
394,Jecho Emmot,238-353-3509,jemmotax@tinyurl.com,7/14/2023
395,Emelina Mattioni,836-366-7287,emattioniay@auda.org.au,6/20/2021
396,Marya Sturm,557-161-1050,msturmaz@tiny.cc,10/13/2023
397,Margaret Eldrid,573-766-2083,meldridb0@devhub.com,1/3/2020
398,Edy O' Hern,466-440-8502,eob1@economist.com,2/13/2024
399,Edgardo Grebner,369-282-4768,egrebnerb2@foxnews.com,5/28/2019
400,Alfreda Ellesmere,658-755-9701,aellesmereb3@reverbnation.com,4/12/2019
401,Cortie MacAlees,512-233-6275,cmacaleesb4@desdev.cn,12/6/2024
402,Skipton Manchett,190-151-9892,smanchettb5@weather.com,3/27/2024
403,Mayor Hurburt,547-198-6269,mhurburtb6@nasa.gov,11/7/2019
404,Finn Colton,923-268-8938,fcoltonb7@nps.gov,11/22/2020
405,Herve Sealy,719-720-1607,hsealyb8@zdnet.com,1/2/2021
406,Maribelle Drewe,170-159-0453,mdreweb9@sphinn.com,3/4/2022
407,Nelly Pawlik,681-920-8792,npawlikba@dailymail.co.uk,12/20/2020
408,Cristal Eakeley,250-481-9747,ceakeleybb@cisco.com,6/11/2019
409,Boigie Izzatt,394-828-5039,bizzattbc@wordpress.org,10/7/2022
410,Ximenes McMillian,832-163-8080,xmcmillianbd@tiny.cc,9/2/2025
411,Ricca Ankers,194-362-6219,rankersbe@google.de,9/2/2019
412,Maritsa Borham,681-399-0573,mborhambf@jimdo.com,5/17/2018
413,Krishna Brodnecke,518-242-8214,kbrodneckebg@youtu.be,7/15/2023
414,Sib Almack,403-710-1072,salmackbh@washingtonpost.com,2/22/2019
415,Devlin Collopy,400-415-5132,dcollopybi@edublogs.org,11/1/2021
416,Natale Sheringham,825-936-4789,nsheringhambj@so-net.ne.jp,10/25/2020
417,Farr Praill,161-835-2114,fpraillbk@1und1.de,2/6/2019
418,Margarete Turpie,782-580-3663,mturpiebl@usnews.com,10/9/2020
419,Fiona Pinyon,113-542-8318,fpinyonbm@nba.com,8/16/2022
420,Annette Dukes,367-448-5588,adukesbn@paypal.com,2/14/2020
421,Hiram Januszewski,965-657-8786,hjanuszewskibo@booking.com,1/9/2026
422,Lorettalorna Littlepage,626-426-1098,llittlepagebp@dailymail.co.uk,12/9/2019
423,Carey Hauch,578-206-2310,chauchbq@mysql.com,2/24/2020
424,Tadio Meggison,424-587-3250,tmeggisonbr@csmonitor.com,10/12/2022
425,Alisa Yarnell,706-504-2174,ayarnellbs@symantec.com,5/13/2018
426,Morley Harcase,401-778-3770,mharcasebt@google.co.uk,7/29/2024
427,Rafi Learoyd,162-812-0640,rlearoydbu@dell.com,9/11/2021
428,Mirna Reddell,523-374-3391,mreddellbv@bloomberg.com,12/31/2025
429,Terrell Harmes,320-483-0340,tharmesbw@dmoz.org,9/5/2019
430,Vincenty Yegorchenkov,224-269-2736,vyegorchenkovbx@cocolog-nifty.com,9/7/2023
431,Hollis Ruos,608-231-3397,hruosby@sphinn.com,10/29/2020
432,Marcus Yglesias,380-737-7370,myglesiasbz@yellowpages.com,7/2/2019
433,Godfrey Cundy,495-174-7752,gcundyc0@etsy.com,5/10/2025
434,Tucker Anfosso,619-202-1926,tanfossoc1@yolasite.com,8/4/2023
435,Kev Slaughter,515-876-9161,kslaughterc2@blog.com,5/11/2025
436,Helena Reeds,789-140-8744,hreedsc3@state.tx.us,2/10/2022
437,Kimberley Fernier,151-732-5010,kfernierc4@dedecms.com,7/9/2018
438,Bevvy Keaveney,953-602-3445,bkeaveneyc5@twitter.com,10/22/2021
439,Raimundo Hannaway,130-216-2576,rhannawayc6@vk.com,6/4/2025
440,Dulcine Antonellini,942-914-3112,dantonellinic7@elpais.com,12/22/2022
441,Deeyn Harme,738-614-2464,dharmec8@phpbb.com,6/5/2021
442,Giuditta Linsay,716-127-9737,glinsayc9@lycos.com,11/20/2020
443,Nate Wabb,225-969-9400,nwabbca@tmall.com,1/5/2025
444,Moira McLanachan,807-845-1975,mmclanachancb@flickr.com,8/27/2022
445,Geri Goreway,158-241-4355,ggorewaycc@list-manage.com,1/9/2025
446,Darsey Creffield,586-886-1108,dcreffieldcd@google.co.uk,12/27/2021
447,Melisse Ribbens,133-173-3997,mribbensce@blogtalkradio.com,4/5/2024
448,Klemens Chretien,213-238-1642,kchretiencf@yandex.ru,7/6/2019
449,Gregoire McPeice,280-381-2962,gmcpeicecg@last.fm,4/4/2022
450,Mora Longstaff,812-148-3443,mlongstaffch@plala.or.jp,10/15/2022
451,Roderich Colenutt,458-601-6813,rcolenuttci@ftc.gov,7/14/2025
452,Towny Rappaport,633-506-4184,trappaportcj@icq.com,6/11/2023
453,Avis Yarr,747-884-0655,ayarrck@wix.com,10/28/2020
454,Elvyn Bednell,771-410-1252,ebednellcl@geocities.jp,8/30/2020
455,Anatola Hagergham,830-952-5279,ahagerghamcm@topsy.com,5/21/2025
456,Windy Stubbin,458-557-1406,wstubbincn@gmpg.org,10/27/2020
457,Corabel Raynard,640-938-0652,craynardco@earthlink.net,8/1/2024
458,Frants Doumenc,466-242-5525,fdoumenccp@chron.com,6/18/2022
459,Borg Simpkin,257-605-2936,bsimpkincq@intel.com,1/11/2023
460,Susy McGiffie,601-490-9708,smcgiffiecr@qq.com,4/10/2020
461,Rustin Marner,318-103-9819,rmarnercs@4shared.com,10/13/2025
462,Aimee Ambrosetti,660-399-8946,aambrosettict@who.int,3/19/2025
463,Lily Kinkade,299-312-7208,lkinkadecu@csmonitor.com,4/18/2020
464,Trula Densie,433-377-0473,tdensiecv@howstuffworks.com,6/20/2019
465,Rodrigo Chugg,904-655-1349,rchuggcw@simplemachines.org,4/2/2025
466,Bearnard Found,291-496-6238,bfoundcx@ocn.ne.jp,1/20/2023
467,Luce Parken,557-801-6653,lparkency@cnbc.com,1/9/2019
468,Myrah Renney,338-821-7498,mrenneycz@facebook.com,8/25/2020
469,Christian Skipping,619-999-7910,cskippingd0@cargocollective.com,9/10/2025
470,Filippo Clapston,731-802-4172,fclapstond1@vk.com,1/14/2022
471,Collen MacVanamy,402-412-2036,cmacvanamyd2@ucla.edu,3/20/2022
472,Nickey Stenett,385-968-7285,nstenettd3@dell.com,11/6/2022
473,Cicily Cardow,723-392-1083,ccardowd4@whitehouse.gov,7/8/2024
474,Egbert Akister,845-986-1855,eakisterd5@timesonline.co.uk,3/29/2022
475,Flori Trevascus,723-745-2920,ftrevascusd6@ycombinator.com,2/2/2024
476,Siegfried Hindenburg,747-410-3039,shindenburgd7@merriam-webster.com,5/11/2025
477,Vaughan Cafe,325-447-9534,vcafed8@technorati.com,5/2/2020
478,Elfrida Summerrell,989-622-9719,esummerrelld9@constantcontact.com,12/14/2025
479,Rubin Broseke,255-267-9150,rbrosekeda@bravesites.com,8/26/2024
480,Birdie Edlington,875-674-6591,bedlingtondb@mapy.cz,4/9/2020
481,Karil Urrey,120-865-6318,kurreydc@delicious.com,3/3/2023
482,Ernestus Boulder,846-317-4291,eboulderdd@ameblo.jp,8/21/2018
483,Sabra Wrathmall,862-294-3165,swrathmallde@meetup.com,6/23/2019
484,Arny Pooley,489-898-1043,apooleydf@bluehost.com,1/15/2025
485,Elinore Toten,658-562-3714,etotendg@sourceforge.net,12/22/2021
486,Cortney Valenta,926-891-8271,cvalentadh@jugem.jp,3/29/2022
487,Brodie Kenealy,402-736-7771,bkenealydi@unblog.fr,9/27/2023
488,Jill Kitcat,775-138-3639,jkitcatdj@sun.com,1/16/2024
489,Aleta Fleeming,119-125-8492,afleemingdk@liveinternet.ru,7/21/2018
490,Hannie Gaine,589-645-3789,hgainedl@webs.com,10/6/2020
491,Hakim Szymonwicz,248-809-6254,hszymonwiczdm@java.com,9/3/2025
492,Marita Brangan,488-943-1613,mbrangandn@geocities.com,11/21/2024
493,Gustavo Strand,244-409-8302,gstranddo@arstechnica.com,4/3/2025
494,Randi Supple,394-425-2641,rsuppledp@oakley.com,5/27/2019
495,Agace Gallear,146-546-5825,agalleardq@twitpic.com,9/29/2025
496,Petr Skeete,944-262-5517,pskeetedr@bravesites.com,6/25/2022
497,Darlene Nettleship,571-790-2346,dnettleshipds@telegraph.co.uk,1/19/2024
498,Nial Diegan,967-526-8195,ndiegandt@sfgate.com,4/4/2019
499,Ashlie Waggitt,253-340-0946,awaggittdu@unc.edu,1/6/2026
500,Parsifal Stowgill,411-979-1279,pstowgilldv@acquirethisname.com,2/20/2026
